feature,mean_abs_shap
imd_score,0.00546672798006704
unemployment_rate,0.002106355263608455
nocar_pct,0.08301616868981271
elderly_pct,0.006530453183727849
disability_pct,0.016055147315450755
income_score,0.0068355692866750774
nonwhite_pct,0.03028534030831385
stops_per_1k,0.0628099949345653
urban_enc,0.0
